{
  "model_info": {
    "algorithm": "LDA (Latent Dirichlet Allocation)",
    "n_topics": 10,
    "n_documents": 1817,
    "n_features": 1000,
    "perplexity": 590.0373587780341,
    "log_likelihood": -230528.87530772603
  },
  "topics": {
    "topic_1": {
      "id": 0,
      "name": "Topic 1: tariff-canada-country",
      "num_posts": 243,
      "percentage": 13.373692900385251,
      "top_words": [
        "tariff",
        "canada",
        "country",
        "china",
        "world",
        "going",
        "business",
        "trade",
        "year",
        "day"
      ],
      "word_weights": [
        206.09992817814725,
        72.09994984763324,
        68.96463283917198,
        64.75557059469081,
        60.13321043805837,
        55.90453421541483,
        53.523933940865,
        51.811062109338515,
        50.80371916761229,
        49.98518411485232
      ]
    },
    "topic_2": {
      "id": 1,
      "name": "Topic 2: dollar-billion-tax",
      "num_posts": 160,
      "percentage": 8.805723720418273,
      "top_words": [
        "dollar",
        "billion",
        "tax",
        "beautiful",
        "big",
        "cut",
        "billion dollar",
        "big beautiful",
        "rate",
        "law"
      ],
      "word_weights": [
        108.07624060081712,
        82.09991063740988,
        79.17966501909586,
        72.91142798215085,
        69.11314706921952,
        67.01378441507012,
        59.09992252615655,
        54.03619673028141,
        49.614581535522944,
        43.96865448560734
      ]
    },
    "topic_3": {
      "id": 2,
      "name": "Topic 3: war-thank-deal",
      "num_posts": 239,
      "percentage": 13.153549807374793,
      "top_words": [
        "war",
        "thank",
        "deal",
        "russia",
        "matter",
        "peace",
        "iran",
        "attention",
        "thank attention",
        "attention matter"
      ],
      "word_weights": [
        108.09994171067804,
        102.13604339404634,
        87.10499928373707,
        78.90693586615573,
        75.30455384409917,
        67.51108640302195,
        66.6186054595066,
        66.09990222327444,
        61.099916453184406,
        60.09991504972054
      ]
    },
    "topic_4": {
      "id": 3,
      "name": "Topic 4: secure-energy-complete",
      "num_posts": 106,
      "percentage": 5.833791964777105,
      "top_words": [
        "secure",
        "energy",
        "complete",
        "complete total",
        "total",
        "endorsement",
        "border",
        "second",
        "total endorsement",
        "let"
      ],
      "word_weights": [
        137.45116408613936,
        103.8373501346114,
        102.94188369908785,
        101.94319723074965,
        98.74145595680605,
        98.09993765146865,
        95.66986504850041,
        91.87360898632033,
        91.09998743040458,
        84.38658227455966
      ]
    },
    "topic_5": {
      "id": 4,
      "name": "Topic 5: news-fake-new",
      "num_posts": 190,
      "percentage": 10.456796917996698,
      "top_words": [
        "news",
        "fake",
        "new",
        "fake news",
        "york",
        "new york",
        "time",
        "case",
        "bad",
        "djt"
      ],
      "word_weights": [
        135.5996564645975,
        131.0999372871694,
        107.27795021090793,
        81.09995735346561,
        75.09993072231876,
        74.09992977972202,
        70.24508590500146,
        43.070025542150034,
        41.537047520085274,
        38.91414016209755
      ]
    },
    "topic_6": {
      "id": 5,
      "name": "Topic 6: good-order-elon",
      "num_posts": 187,
      "percentage": 10.291689598238856,
      "top_words": [
        "good",
        "order",
        "elon",
        "paul",
        "executive",
        "time",
        "administration",
        "executive order",
        "iran",
        "national"
      ],
      "word_weights": [
        52.234158523754424,
        51.35310790035975,
        46.09995154036695,
        37.09989982792501,
        35.77082109273544,
        35.154449223411916,
        34.7188558761293,
        30.0999693369459,
        27.957021243476028,
        27.63521599979458
      ]
    },
    "topic_7": {
      "id": 6,
      "name": "Topic 7: announce-pleased-pleased announce",
      "num_posts": 202,
      "percentage": 11.117226197028069,
      "top_words": [
        "announce",
        "pleased",
        "pleased announce",
        "serve",
        "secretary",
        "congratulation",
        "law",
        "department",
        "university",
        "national"
      ],
      "word_weights": [
        116.09991749072962,
        92.44387178417838,
        84.0999671339726,
        80.09994905856075,
        71.28450095864007,
        65.46299102089063,
        64.9368710752691,
        61.74175866396918,
        52.09994858069621,
        50.526585106783244
      ]
    },
    "topic_8": {
      "id": 7,
      "name": "Topic 8: house-white-white house",
      "num_posts": 174,
      "percentage": 9.57622454595487,
      "top_words": [
        "house",
        "white",
        "white house",
        "beautiful",
        "big",
        "senate",
        "today",
        "congratulation",
        "john",
        "fight"
      ],
      "word_weights": [
        125.48161428266006,
        68.64548592986583,
        63.09992319452225,
        61.27364742084665,
        60.1537568484356,
        50.850791587531276,
        46.499837409435486,
        44.41102793561116,
        43.09987550124989,
        42.317325631910634
      ]
    },
    "topic_9": {
      "id": 8,
      "name": "Topic 9: biden-border-joe",
      "num_posts": 147,
      "percentage": 8.090258668134286,
      "top_words": [
        "biden",
        "border",
        "joe",
        "criminal",
        "illegal",
        "joe biden",
        "supreme",
        "supreme court",
        "court",
        "allowed"
      ],
      "word_weights": [
        105.94591283539411,
        103.00295405742611,
        80.6004392993793,
        68.60153060814956,
        60.21016143292955,
        57.09996375246976,
        49.099902078860495,
        46.09992444228228,
        42.440181593293474,
        37.755678663320545
      ]
    },
    "topic_10": {
      "id": 9,
      "name": "Topic 10: republican-democrat-judge",
      "num_posts": 169,
      "percentage": 9.3010456796918,
      "top_words": [
        "republican",
        "democrat",
        "judge",
        "election",
        "radical",
        "left",
        "court",
        "radical left",
        "win",
        "big"
      ],
      "word_weights": [
        108.06221834663918,
        106.20068951900289,
        100.87522547259842,
        93.72251697210605,
        80.33480454453439,
        80.03661559092754,
        70.99405097372737,
        66.60364747754917,
        58.35873716706132,
        55.75806766040597
      ]
    }
  }
}